season_year,snapshot_date,rank,team,record,wins,losses,rating,hi,lo,last,source_url
2017,03/15/2017,1,Duke,27-8,27,8,12.9,1,152,1,https://www.teamrankings.com/ncaa-basketball/ranking/schedule-strength-by-other?date=03%2F15%2F2017
2017,03/15/2017,2,Louisville,24-8,24,8,12.2,1,197,2,https://www.teamrankings.com/ncaa-basketball/ranking/schedule-strength-by-other?date=03%2F15%2F2017
2017,03/15/2017,3,Virginia,22-10,22,10,12.2,1,152,3,https://www.teamrankings.com/ncaa-basketball/ranking/schedule-strength-by-other?date=03%2F15%2F2017
2017,03/15/2017,4,North Carolina,27-7,27,7,12.1,1,174,4,https://www.teamrankings.com/ncaa-basketball/ranking/schedule-strength-by-other?date=03%2F15%2F2017
2017,03/15/2017,5,Kansas,28-4,28,4,12.1,1,19,5,https://www.teamrankings.com/ncaa-basketball/ranking/schedule-strength-by-other?date=03%2F15%2F2017
2017,03/15/2017,6,Iowa St,23-10,23,10,12.1,2,330,6,https://www.teamrankings.com/ncaa-basketball/ranking/schedule-strength-by-other?date=03%2F15%2F2017
2017,03/15/2017,7,Oklahoma St,20-12,20,12,11.5,5,341,7,https://www.teamrankings.com/ncaa-basketball/ranking/schedule-strength-by-other?date=03%2F15%2F2017
2017,03/15/2017,8,Baylor,25-7,25,7,11.5,3,251,8,https://www.teamrankings.com/ncaa-basketball/ranking/schedule-strength-by-other?date=03%2F15%2F2017
2017,03/15/2017,9,West Virginia,26-8,26,8,11.3,4,303,9,https://www.teamrankings.com/ncaa-basketball/ranking/schedule-strength-by-other?date=03%2F15%2F2017
2017,03/15/2017,10,Florida,24-8,24,8,10.9,1,136,10,https://www.teamrankings.com/ncaa-basketball/ranking/schedule-strength-by-other?date=03%2F15%2F2017
2017,03/15/2017,11,Notre Dame,25-9,25,9,10.8,11,329,11,https://www.teamrankings.com/ncaa-basketball/ranking/schedule-strength-by-other?date=03%2F15%2F2017
2017,03/15/2017,12,Villanova,31-3,31,3,10.7,3,193,12,https://www.teamrankings.com/ncaa-basketball/ranking/schedule-strength-by-other?date=03%2F15%2F2017
2017,03/15/2017,13,Florida St,25-8,25,8,10.3,13,273,13,https://www.teamrankings.com/ncaa-basketball/ranking/schedule-strength-by-other?date=03%2F15%2F2017
2017,03/15/2017,14,Kentucky,29-5,29,5,10.3,1,173,14,https://www.teamrankings.com/ncaa-basketball/ranking/schedule-strength-by-other?date=03%2F15%2F2017
2017,03/15/2017,15,Butler,23-8,23,8,10.1,8,278,15,https://www.teamrankings.com/ncaa-basketball/ranking/schedule-strength-by-other?date=03%2F15%2F2017
2017,03/15/2017,16,Miami,21-11,21,11,10.0,14,274,16,https://www.teamrankings.com/ncaa-basketball/ranking/schedule-strength-by-other?date=03%2F15%2F2017
2017,03/15/2017,17,Oklahoma,11-20,11,20,10.0,13,312,17,https://www.teamrankings.com/ncaa-basketball/ranking/schedule-strength-by-other?date=03%2F15%2F2017
2017,03/15/2017,18,Texas,11-22,11,22,10.0,16,315,19,https://www.teamrankings.com/ncaa-basketball/ranking/schedule-strength-by-other?date=03%2F15%2F2017
2017,03/15/2017,19,Wisconsin,25-9,25,9,10.0,2,233,18,https://www.teamrankings.com/ncaa-basketball/ranking/schedule-strength-by-other?date=03%2F15%2F2017
2017,03/15/2017,20,Michigan,24-11,24,11,9.9,10,274,21,https://www.teamrankings.com/ncaa-basketball/ranking/schedule-strength-by-other?date=03%2F15%2F2017
2017,03/15/2017,21,Kansas St,21-13,21,13,9.8,18,318,23,https://www.teamrankings.com/ncaa-basketball/ranking/schedule-strength-by-other?date=03%2F15%2F2017
2017,03/15/2017,22,Wake Forest,19-14,19,14,9.6,16,267,25,https://www.teamrankings.com/ncaa-basketball/ranking/schedule-strength-by-other?date=03%2F15%2F2017
2017,03/15/2017,23,Purdue,25-7,25,7,9.6,8,239,22,https://www.teamrankings.com/ncaa-basketball/ranking/schedule-strength-by-other?date=03%2F15%2F2017
2017,03/15/2017,24,Xavier,21-13,21,13,9.6,6,161,24,https://www.teamrankings.com/ncaa-basketball/ranking/schedule-strength-by-other?date=03%2F15%2F2017
2017,03/15/2017,25,Clemson,17-16,17,16,9.5,3,117,20,https://www.teamrankings.com/ncaa-basketball/ranking/schedule-strength-by-other?date=03%2F15%2F2017
2017,03/15/2017,26,Michigan St,19-14,19,14,9.4,1,27,27,https://www.teamrankings.com/ncaa-basketball/ranking/schedule-strength-by-other?date=03%2F15%2F2017
2017,03/15/2017,27,TCU,19-15,19,15,9.3,27,346,28,https://www.teamrankings.com/ncaa-basketball/ranking/schedule-strength-by-other?date=03%2F15%2F2017
2017,03/15/2017,28,Indiana,18-16,18,16,9.2,2,34,26,https://www.teamrankings.com/ncaa-basketball/ranking/schedule-strength-by-other?date=03%2F15%2F2017
2017,03/15/2017,29,Pittsburgh,16-17,16,17,9.1,23,232,29,https://www.teamrankings.com/ncaa-basketball/ranking/schedule-strength-by-other?date=03%2F15%2F2017
2017,03/15/2017,30,Creighton,25-9,25,9,9.0,24,217,31,https://www.teamrankings.com/ncaa-basketball/ranking/schedule-strength-by-other?date=03%2F15%2F2017
2017,03/15/2017,31,Vanderbilt,19-15,19,15,9.0,18,90,30,https://www.teamrankings.com/ncaa-basketball/ranking/schedule-strength-by-other?date=03%2F15%2F2017
2017,03/15/2017,32,Marquette,19-12,19,12,9.0,18,96,32,https://www.teamrankings.com/ncaa-basketball/ranking/schedule-strength-by-other?date=03%2F15%2F2017
2017,03/15/2017,33,Syracuse,18-14,18,14,8.9,11,242,33,https://www.teamrankings.com/ncaa-basketball/ranking/schedule-strength-by-other?date=03%2F15%2F2017
2017,03/15/2017,34,Seton Hall,21-11,21,11,8.8,25,288,34,https://www.teamrankings.com/ncaa-basketball/ranking/schedule-strength-by-other?date=03%2F15%2F2017
2017,03/15/2017,35,Virginia Tech,22-10,22,10,8.7,27,340,35,https://www.teamrankings.com/ncaa-basketball/ranking/schedule-strength-by-other?date=03%2F15%2F2017
2017,03/15/2017,36,Georgetown,14-18,14,18,8.4,19,267,37,https://www.teamrankings.com/ncaa-basketball/ranking/schedule-strength-by-other?date=03%2F15%2F2017
2017,03/15/2017,37,Arizona,30-4,30,4,8.4,10,107,36,https://www.teamrankings.com/ncaa-basketball/ranking/schedule-strength-by-other?date=03%2F15%2F2017
2017,03/15/2017,38,UCLA,29-4,29,4,8.2,9,270,38,https://www.teamrankings.com/ncaa-basketball/ranking/schedule-strength-by-other?date=03%2F15%2F2017
2017,03/15/2017,39,Texas Tech,18-14,18,14,8.2,36,324,39,https://www.teamrankings.com/ncaa-basketball/ranking/schedule-strength-by-other?date=03%2F15%2F2017
2017,03/15/2017,40,Georgia,19-14,19,14,8.0,16,71,41,https://www.teamrankings.com/ncaa-basketball/ranking/schedule-strength-by-other?date=03%2F15%2F2017
2017,03/15/2017,41,Oregon,29-5,29,5,8.0,7,264,40,https://www.teamrankings.com/ncaa-basketball/ranking/schedule-strength-by-other?date=03%2F15%2F2017
2017,03/15/2017,42,Minnesota,24-9,24,9,7.8,33,188,42,https://www.teamrankings.com/ncaa-basketball/ranking/schedule-strength-by-other?date=03%2F15%2F2017
2017,03/15/2017,43,Providence,20-12,20,12,7.7,25,122,43,https://www.teamrankings.com/ncaa-basketball/ranking/schedule-strength-by-other?date=03%2F15%2F2017
2017,03/15/2017,44,Northwestern,23-11,23,11,7.6,17,296,44,https://www.teamrankings.com/ncaa-basketball/ranking/schedule-strength-by-other?date=03%2F15%2F2017
2017,03/15/2017,45,Nebraska,12-19,12,19,7.5,18,347,45,https://www.teamrankings.com/ncaa-basketball/ranking/schedule-strength-by-other?date=03%2F15%2F2017
2017,03/15/2017,46,Tennessee,16-16,16,16,7.5,23,213,46,https://www.teamrankings.com/ncaa-basketball/ranking/schedule-strength-by-other?date=03%2F15%2F2017
2017,03/15/2017,47,Gonzaga,32-1,32,1,7.4,10,269,47,https://www.teamrankings.com/ncaa-basketball/ranking/schedule-strength-by-other?date=03%2F15%2F2017
2017,03/15/2017,48,Arkansas,25-9,25,9,7.1,40,191,48,https://www.teamrankings.com/ncaa-basketball/ranking/schedule-strength-by-other?date=03%2F15%2F2017
2017,03/15/2017,49,St John's,14-19,14,19,7.1,42,332,50,https://www.teamrankings.com/ncaa-basketball/ranking/schedule-strength-by-other?date=03%2F15%2F2017
2017,03/15/2017,50,South Carolina,22-10,22,10,7.1,31,209,49,https://www.teamrankings.com/ncaa-basketball/ranking/schedule-strength-by-other?date=03%2F15%2F2017
2017,03/15/2017,51,Maryland,24-8,24,8,7.0,34,265,52,https://www.teamrankings.com/ncaa-basketball/ranking/schedule-strength-by-other?date=03%2F15%2F2017
2017,03/15/2017,52,Illinois,19-14,19,14,7.0,41,324,51,https://www.teamrankings.com/ncaa-basketball/ranking/schedule-strength-by-other?date=03%2F15%2F2017
2017,03/15/2017,53,Iowa,18-14,18,14,6.9,43,332,53,https://www.teamrankings.com/ncaa-basketball/ranking/schedule-strength-by-other?date=03%2F15%2F2017
2017,03/15/2017,54,Texas A&M,16-15,16,15,6.8,27,316,54,https://www.teamrankings.com/ncaa-basketball/ranking/schedule-strength-by-other?date=03%2F15%2F2017
2017,03/15/2017,55,Georgia Tech,18-15,18,15,6.8,46,282,60,https://www.teamrankings.com/ncaa-basketball/ranking/schedule-strength-by-other?date=03%2F15%2F2017
2017,03/15/2017,56,Ohio St,17-15,17,15,6.7,33,221,55,https://www.teamrankings.com/ncaa-basketball/ranking/schedule-strength-by-other?date=03%2F15%2F2017
2017,03/15/2017,57,Penn St,15-18,15,18,6.7,51,211,56,https://www.teamrankings.com/ncaa-basketball/ranking/schedule-strength-by-other?date=03%2F15%2F2017
2017,03/15/2017,58,Cincinnati,29-5,29,5,6.6,19,266,57,https://www.teamrankings.com/ncaa-basketball/ranking/schedule-strength-by-other?date=03%2F15%2F2017
2017,03/15/2017,59,NC State,15-17,15,17,6.4,32,185,61,https://www.teamrankings.com/ncaa-basketball/ranking/schedule-strength-by-other?date=03%2F15%2F2017
2017,03/15/2017,60,SMU,30-4,30,4,6.3,21,265,63,https://www.teamrankings.com/ncaa-basketball/ranking/schedule-strength-by-other?date=03%2F15%2F2017
2017,03/15/2017,61,Alabama,19-15,19,15,6.3,53,237,59,https://www.teamrankings.com/ncaa-basketball/ranking/schedule-strength-by-other?date=03%2F15%2F2017
2017,03/15/2017,62,Stanford,14-17,14,17,6.3,19,176,62,https://www.teamrankings.com/ncaa-basketball/ranking/schedule-strength-by-other?date=03%2F15%2F2017
2017,03/15/2017,63,California,21-13,21,13,6.2,19,208,58,https://www.teamrankings.com/ncaa-basketball/ranking/schedule-strength-by-other?date=03%2F15%2F2017
2017,03/15/2017,64,Mississippi,21-13,21,13,5.7,56,248,67,https://www.teamrankings.com/ncaa-basketball/ranking/schedule-strength-by-other?date=03%2F15%2F2017
2017,03/15/2017,65,USC,24-9,24,9,5.5,55,184,64,https://www.teamrankings.com/ncaa-basketball/ranking/schedule-strength-by-other?date=03%2F15%2F2017
2017,03/15/2017,66,Auburn,18-14,18,14,5.5,47,249,65,https://www.teamrankings.com/ncaa-basketball/ranking/schedule-strength-by-other?date=03%2F15%2F2017
2017,03/15/2017,67,UConn,16-17,16,17,5.5,22,180,66,https://www.teamrankings.com/ncaa-basketball/ranking/schedule-strength-by-other?date=03%2F15%2F2017
2017,03/15/2017,68,Saint Mary's,28-4,28,4,5.1,15,125,69,https://www.teamrankings.com/ncaa-basketball/ranking/schedule-strength-by-other?date=03%2F15%2F2017
2017,03/15/2017,69,LSU,10-21,10,21,5.1,67,320,70,https://www.teamrankings.com/ncaa-basketball/ranking/schedule-strength-by-other?date=03%2F15%2F2017
2017,03/15/2017,70,Rhode Island,24-9,24,9,5.0,12,310,73,https://www.teamrankings.com/ncaa-basketball/ranking/schedule-strength-by-other?date=03%2F15%2F2017
2017,03/15/2017,71,Arizona St,15-18,15,18,5.0,52,280,72,https://www.teamrankings.com/ncaa-basketball/ranking/schedule-strength-by-other?date=03%2F15%2F2017
2017,03/15/2017,72,Colorado,19-14,19,14,5.0,54,321,71,https://www.teamrankings.com/ncaa-basketball/ranking/schedule-strength-by-other?date=03%2F15%2F2017
2017,03/15/2017,73,Utah,20-12,20,12,4.8,66,350,68,https://www.teamrankings.com/ncaa-basketball/ranking/schedule-strength-by-other?date=03%2F15%2F2017
2017,03/15/2017,74,Boston College,9-23,9,23,4.7,73,334,74,https://www.teamrankings.com/ncaa-basketball/ranking/schedule-strength-by-other?date=03%2F15%2F2017
2017,03/15/2017,75,Houston,21-10,21,10,4.4,69,349,76,https://www.teamrankings.com/ncaa-basketball/ranking/schedule-strength-by-other?date=03%2F15%2F2017
2017,03/15/2017,76,Davidson,17-15,17,15,4.3,19,291,77,https://www.teamrankings.com/ncaa-basketball/ranking/schedule-strength-by-other?date=03%2F15%2F2017
2017,03/15/2017,77,Washington,9-22,9,22,4.3,72,273,75,https://www.teamrankings.com/ncaa-basketball/ranking/schedule-strength-by-other?date=03%2F15%2F2017
2017,03/15/2017,78,VCU,26-8,26,8,4.3,28,229,78,https://www.teamrankings.com/ncaa-basketball/ranking/schedule-strength-by-other?date=03%2F15%2F2017
2017,03/15/2017,79,Dayton,24-7,24,7,4.2,16,273,79,https://www.teamrankings.com/ncaa-basketball/ranking/schedule-strength-by-other?date=03%2F15%2F2017
2017,03/15/2017,80,Mississippi St,16-16,16,16,4.1,74,262,80,https://www.teamrankings.com/ncaa-basketball/ranking/schedule-strength-by-other?date=03%2F15%2F2017
2017,03/15/2017,81,Rutgers,15-18,15,18,3.9,77,340,81,https://www.teamrankings.com/ncaa-basketball/ranking/schedule-strength-by-other?date=03%2F15%2F2017
2017,03/15/2017,82,Wichita St,30-4,30,4,3.9,17,293,82,https://www.teamrankings.com/ncaa-basketball/ranking/schedule-strength-by-other?date=03%2F15%2F2017
2017,03/15/2017,83,Missouri,8-24,8,24,3.8,51,344,83,https://www.teamrankings.com/ncaa-basketball/ranking/schedule-strength-by-other?date=03%2F15%2F2017
2017,03/15/2017,84,UCF,21-11,21,11,3.7,33,318,85,https://www.teamrankings.com/ncaa-basketball/ranking/schedule-strength-by-other?date=03%2F15%2F2017
2017,03/15/2017,85,DePaul,9-23,9,23,3.7,83,319,84,https://www.teamrankings.com/ncaa-basketball/ranking/schedule-strength-by-other?date=03%2F15%2F2017
2017,03/15/2017,86,Temple,16-16,16,16,3.5,36,208,86,https://www.teamrankings.com/ncaa-basketball/ranking/schedule-strength-by-other?date=03%2F15%2F2017
2017,03/15/2017,87,Tulsa,15-17,15,17,3.1,80,289,87,https://www.teamrankings.com/ncaa-basketball/ranking/schedule-strength-by-other?date=03%2F15%2F2017
2017,03/15/2017,88,Richmond,21-12,21,12,3.1,87,322,89,https://www.teamrankings.com/ncaa-basketball/ranking/schedule-strength-by-other?date=03%2F15%2F2017
2017,03/15/2017,89,Memphis,19-13,19,13,2.9,83,349,88,https://www.teamrankings.com/ncaa-basketball/ranking/schedule-strength-by-other?date=03%2F15%2F2017
2017,03/15/2017,90,Boise St,20-11,20,11,2.6,78,345,97,https://www.teamrankings.com/ncaa-basketball/ranking/schedule-strength-by-other?date=03%2F15%2F2017
2017,03/15/2017,91,Washington St,13-18,13,18,2.5,89,333,90,https://www.teamrankings.com/ncaa-basketball/ranking/schedule-strength-by-other?date=03%2F15%2F2017
2017,03/15/2017,92,Saint Joseph's,11-20,11,20,2.5,34,164,91,https://www.teamrankings.com/ncaa-basketball/ranking/schedule-strength-by-other?date=03%2F15%2F2017
2017,03/15/2017,93,N Iowa,14-16,14,16,2.4,7,343,92,https://www.teamrankings.com/ncaa-basketball/ranking/schedule-strength-by-other?date=03%2F15%2F2017
2017,03/15/2017,94,G Washington,19-14,19,14,2.4,83,306,94,https://www.teamrankings.com/ncaa-basketball/ranking/schedule-strength-by-other?date=03%2F15%2F2017
2017,03/15/2017,95,BYU,22-11,22,11,2.4,45,187,93,https://www.teamrankings.com/ncaa-basketball/ranking/schedule-strength-by-other?date=03%2F15%2F2017
2017,03/15/2017,96,Nevada,28-6,28,6,2.2,9,101,95,https://www.teamrankings.com/ncaa-basketball/ranking/schedule-strength-by-other?date=03%2F15%2F2017
2017,03/15/2017,97,Illinois St,27-6,27,6,2.2,25,130,96,https://www.teamrankings.com/ncaa-basketball/ranking/schedule-strength-by-other?date=03%2F15%2F2017
2017,03/15/2017,98,La Salle,15-15,15,15,2.1,51,184,98,https://www.teamrankings.com/ncaa-basketball/ranking/schedule-strength-by-other?date=03%2F15%2F2017
2017,03/15/2017,99,New Mexico,17-14,17,14,2.1,75,313,99,https://www.teamrankings.com/ncaa-basketball/ranking/schedule-strength-by-other?date=03%2F15%2F2017
2017,03/15/2017,100,San Diego St,19-14,19,14,1.9,23,233,101,https://www.teamrankings.com/ncaa-basketball/ranking/schedule-strength-by-other?date=03%2F15%2F2017
2017,03/15/2017,101,Oregon St,5-27,5,27,1.9,86,330,100,https://www.teamrankings.com/ncaa-basketball/ranking/schedule-strength-by-other?date=03%2F15%2F2017
2017,03/15/2017,102,St Bonaventure,20-12,20,12,1.8,61,321,102,https://www.teamrankings.com/ncaa-basketball/ranking/schedule-strength-by-other?date=03%2F15%2F2017
2017,03/15/2017,103,Fresno St,20-12,20,12,1.4,102,344,105,https://www.teamrankings.com/ncaa-basketball/ranking/schedule-strength-by-other?date=03%2F15%2F2017
2017,03/15/2017,104,Colorado St,24-11,24,11,1.4,103,305,103,https://www.teamrankings.com/ncaa-basketball/ranking/schedule-strength-by-other?date=03%2F15%2F2017
2017,03/15/2017,105,Utah St,14-17,14,17,1.4,55,207,104,https://www.teamrankings.com/ncaa-basketball/ranking/schedule-strength-by-other?date=03%2F15%2F2017
2017,03/15/2017,106,George Mason,20-13,20,13,1.4,105,318,106,https://www.teamrankings.com/ncaa-basketball/ranking/schedule-strength-by-other?date=03%2F15%2F2017
2017,03/15/2017,107,UMass,15-18,15,18,1.4,98,280,107,https://www.teamrankings.com/ncaa-basketball/ranking/schedule-strength-by-other?date=03%2F15%2F2017
2017,03/15/2017,108,Charleston,25-10,25,10,1.3,51,292,111,https://www.teamrankings.com/ncaa-basketball/ranking/schedule-strength-by-other?date=03%2F15%2F2017
2017,03/15/2017,109,Northeastern,15-16,15,16,1.3,81,222,109,https://www.teamrankings.com/ncaa-basketball/ranking/schedule-strength-by-other?date=03%2F15%2F2017
2017,03/15/2017,110,Princeton,23-6,23,6,1.3,5,110,108,https://www.teamrankings.com/ncaa-basketball/ranking/schedule-strength-by-other?date=03%2F15%2F2017
2017,03/15/2017,111,NC Wilmington,29-5,29,5,1.1,80,300,110,https://www.teamrankings.com/ncaa-basketball/ranking/schedule-strength-by-other?date=03%2F15%2F2017
2017,03/15/2017,112,Indiana St,11-20,11,20,1.0,26,140,112,https://www.teamrankings.com/ncaa-basketball/ranking/schedule-strength-by-other?date=03%2F15%2F2017
2017,03/15/2017,113,Tulane,6-25,6,25,1.0,5,230,113,https://www.teamrankings.com/ncaa-basketball/ranking/schedule-strength-by-other?date=03%2F15%2F2017
2017,03/15/2017,114,UT Arlington,25-8,25,8,0.9,20,204,114,https://www.teamrankings.com/ncaa-basketball/ranking/schedule-strength-by-other?date=03%2F15%2F2017
2017,03/15/2017,115,William & Mary,17-14,17,14,0.7,40,298,115,https://www.teamrankings.com/ncaa-basketball/ranking/schedule-strength-by-other?date=03%2F15%2F2017
2017,03/15/2017,116,E Carolina,15-18,15,18,0.6,116,335,116,https://www.teamrankings.com/ncaa-basketball/ranking/schedule-strength-by-other?date=03%2F15%2F2017
2017,03/15/2017,117,Santa Clara,17-16,17,16,0.6,116,333,117,https://www.teamrankings.com/ncaa-basketball/ranking/schedule-strength-by-other?date=03%2F15%2F2017
2017,03/15/2017,118,Buffalo,17-15,17,15,0.5,43,209,118,https://www.teamrankings.com/ncaa-basketball/ranking/schedule-strength-by-other?date=03%2F15%2F2017
2017,03/15/2017,119,S Illinois,17-16,17,16,0.4,105,250,119,https://www.teamrankings.com/ncaa-basketball/ranking/schedule-strength-by-other?date=03%2F15%2F2017
2017,03/15/2017,120,Middle Tenn,30-4,30,4,0.3,57,329,120,https://www.teamrankings.com/ncaa-basketball/ranking/schedule-strength-by-other?date=03%2F15%2F2017
2017,03/15/2017,121,Towson,20-13,20,13,0.3,83,235,121,https://www.teamrankings.com/ncaa-basketball/ranking/schedule-strength-by-other?date=03%2F15%2F2017
2017,03/15/2017,122,Monmouth,27-7,27,7,0.3,11,272,122,https://www.teamrankings.com/ncaa-basketball/ranking/schedule-strength-by-other?date=03%2F15%2F2017
2017,03/15/2017,123,Fordham,13-19,13,19,0.2,80,290,123,https://www.teamrankings.com/ncaa-basketball/ranking/schedule-strength-by-other?date=03%2F15%2F2017
2017,03/15/2017,124,Penn,13-15,13,15,0.2,50,230,124,https://www.teamrankings.com/ncaa-basketball/ranking/schedule-strength-by-other?date=03%2F15%2F2017
2017,03/15/2017,125,E Michigan,16-17,16,17,0.1,15,169,125,https://www.teamrankings.com/ncaa-basketball/ranking/schedule-strength-by-other?date=03%2F15%2F2017
2017,03/15/2017,126,Toledo,17-16,17,16,0.1,53,144,126,https://www.teamrankings.com/ncaa-basketball/ranking/schedule-strength-by-other?date=03%2F15%2F2017
2017,03/15/2017,127,Bradley,13-20,13,20,0.1,125,345,127,https://www.teamrankings.com/ncaa-basketball/ranking/schedule-strength-by-other?date=03%2F15%2F2017
2017,03/15/2017,128,W Michigan,16-16,16,16,0.1,104,323,129,https://www.teamrankings.com/ncaa-basketball/ranking/schedule-strength-by-other?date=03%2F15%2F2017
2017,03/15/2017,129,Evansville,16-17,16,17,0.1,2,197,130,https://www.teamrankings.com/ncaa-basketball/ranking/schedule-strength-by-other?date=03%2F15%2F2017
2017,03/15/2017,130,Siena,17-17,17,17,0.0,31,241,128,https://www.teamrankings.com/ncaa-basketball/ranking/schedule-strength-by-other?date=03%2F15%2F2017
2017,03/15/2017,131,Loyola Chi,18-14,18,14,0.0,122,349,131,https://www.teamrankings.com/ncaa-basketball/ranking/schedule-strength-by-other?date=03%2F15%2F2017
2017,03/15/2017,132,Missouri St,17-16,17,16,0.0,129,350,132,https://www.teamrankings.com/ncaa-basketball/ranking/schedule-strength-by-other?date=03%2F15%2F2017
2017,03/15/2017,133,UNLV,11-21,11,21,-0.1,131,320,133,https://www.teamrankings.com/ncaa-basketball/ranking/schedule-strength-by-other?date=03%2F15%2F2017
2017,03/15/2017,134,Omaha,18-14,18,14,-0.1,21,161,134,https://www.teamrankings.com/ncaa-basketball/ranking/schedule-strength-by-other?date=03%2F15%2F2017
2017,03/15/2017,135,Akron,26-8,26,8,-0.1,92,268,135,https://www.teamrankings.com/ncaa-basketball/ranking/schedule-strength-by-other?date=03%2F15%2F2017
2017,03/15/2017,136,Wyoming,18-14,18,14,-0.2,123,318,138,https://www.teamrankings.com/ncaa-basketball/ranking/schedule-strength-by-other?date=03%2F15%2F2017
2017,03/15/2017,137,San Francisco,20-12,20,12,-0.2,130,344,136,https://www.teamrankings.com/ncaa-basketball/ranking/schedule-strength-by-other?date=03%2F15%2F2017
2017,03/15/2017,138,Yale,18-11,18,11,-0.2,2,149,137,https://www.teamrankings.com/ncaa-basketball/ranking/schedule-strength-by-other?date=03%2F15%2F2017
2017,03/15/2017,139,Valparaiso,24-9,24,9,-0.3,51,339,145,https://www.teamrankings.com/ncaa-basketball/ranking/schedule-strength-by-other?date=03%2F15%2F2017
2017,03/15/2017,140,Loyola Mymt,15-15,15,15,-0.3,128,320,140,https://www.teamrankings.com/ncaa-basketball/ranking/schedule-strength-by-other?date=03%2F15%2F2017
2017,03/15/2017,141,Elon,18-14,18,14,-0.3,122,317,139,https://www.teamrankings.com/ncaa-basketball/ranking/schedule-strength-by-other?date=03%2F15%2F2017
2017,03/15/2017,142,Old Dominion,19-12,19,12,-0.3,35,179,141,https://www.teamrankings.com/ncaa-basketball/ranking/schedule-strength-by-other?date=03%2F15%2F2017
2017,03/15/2017,143,Marshall,20-15,20,15,-0.4,102,327,142,https://www.teamrankings.com/ncaa-basketball/ranking/schedule-strength-by-other?date=03%2F15%2F2017
2017,03/15/2017,144,Ohio,20-11,20,11,-0.4,88,237,143,https://www.teamrankings.com/ncaa-basketball/ranking/schedule-strength-by-other?date=03%2F15%2F2017
2017,03/15/2017,145,Oral Roberts,8-22,8,22,-0.5,20,220,144,https://www.teamrankings.com/ncaa-basketball/ranking/schedule-strength-by-other?date=03%2F15%2F2017
2017,03/15/2017,146,Belmont,22-6,22,6,-0.5,7,149,146,https://www.teamrankings.com/ncaa-basketball/ranking/schedule-strength-by-other?date=03%2F15%2F2017
2017,03/15/2017,147,Iona,22-12,22,12,-0.6,1,156,147,https://www.teamrankings.com/ncaa-basketball/ranking/schedule-strength-by-other?date=03%2F15%2F2017
2017,03/15/2017,148,Pacific,11-22,11,22,-0.6,3,220,148,https://www.teamrankings.com/ncaa-basketball/ranking/schedule-strength-by-other?date=03%2F15%2F2017
2017,03/15/2017,149,Arkansas St,20-12,20,12,-0.7,86,271,149,https://www.teamrankings.com/ncaa-basketball/ranking/schedule-strength-by-other?date=03%2F15%2F2017
2017,03/15/2017,150,Saint Louis,12-21,12,21,-0.7,122,290,153,https://www.teamrankings.com/ncaa-basketball/ranking/schedule-strength-by-other?date=03%2F15%2F2017
2017,03/15/2017,151,Georgia St,20-12,20,12,-0.7,45,315,150,https://www.teamrankings.com/ncaa-basketball/ranking/schedule-strength-by-other?date=03%2F15%2F2017
2017,03/15/2017,152,E Tennessee St,27-7,27,7,-0.7,113,287,152,https://www.teamrankings.com/ncaa-basketball/ranking/schedule-strength-by-other?date=03%2F15%2F2017
2017,03/15/2017,153,Harvard,18-10,18,10,-0.7,23,242,151,https://www.teamrankings.com/ncaa-basketball/ranking/schedule-strength-by-other?date=03%2F15%2F2017
2017,03/15/2017,154,S Florida,7-23,7,23,-0.7,153,340,154,https://www.teamrankings.com/ncaa-basketball/ranking/schedule-strength-by-other?date=03%2F15%2F2017
2017,03/15/2017,155,Vermont,29-5,29,5,-0.7,68,185,155,https://www.teamrankings.com/ncaa-basketball/ranking/schedule-strength-by-other?date=03%2F15%2F2017
2017,03/15/2017,156,Kent St,22-13,22,13,-0.8,147,332,156,https://www.teamrankings.com/ncaa-basketball/ranking/schedule-strength-by-other?date=03%2F15%2F2017
2017,03/15/2017,157,J Madison,10-23,10,23,-0.8,87,233,157,https://www.teamrankings.com/ncaa-basketball/ranking/schedule-strength-by-other?date=03%2F15%2F2017
2017,03/15/2017,158,Hofstra,15-17,15,17,-0.8,130,311,158,https://www.teamrankings.com/ncaa-basketball/ranking/schedule-strength-by-other?date=03%2F15%2F2017
2017,03/15/2017,159,San Jose St,14-16,14,16,-0.8,156,340,159,https://www.teamrankings.com/ncaa-basketball/ranking/schedule-strength-by-other?date=03%2F15%2F2017
2017,03/15/2017,160,Mercer,15-17,15,17,-1.0,124,316,160,https://www.teamrankings.com/ncaa-basketball/ranking/schedule-strength-by-other?date=03%2F15%2F2017
2017,03/15/2017,161,Wofford,16-17,16,17,-1.1,44,246,162,https://www.teamrankings.com/ncaa-basketball/ranking/schedule-strength-by-other?date=03%2F15%2F2017
2017,03/15/2017,162,S Dakota St,18-16,18,16,-1.1,5,207,161,https://www.teamrankings.com/ncaa-basketball/ranking/schedule-strength-by-other?date=03%2F15%2F2017
2017,03/15/2017,163,Georgia So,18-14,18,14,-1.1,35,207,163,https://www.teamrankings.com/ncaa-basketball/ranking/schedule-strength-by-other?date=03%2F15%2F2017
2017,03/15/2017,164,IU Indy,14-18,14,18,-1.1,38,200,165,https://www.teamrankings.com/ncaa-basketball/ranking/schedule-strength-by-other?date=03%2F15%2F2017
2017,03/15/2017,165,Pepperdine,9-22,9,22,-1.1,132,301,164,https://www.teamrankings.com/ncaa-basketball/ranking/schedule-strength-by-other?date=03%2F15%2F2017
2017,03/15/2017,166,Duquesne,10-22,10,22,-1.1,152,300,166,https://www.teamrankings.com/ncaa-basketball/ranking/schedule-strength-by-other?date=03%2F15%2F2017
2017,03/15/2017,167,UC Irvine,21-14,21,14,-1.2,78,167,167,https://www.teamrankings.com/ncaa-basketball/ranking/schedule-strength-by-other?date=03%2F15%2F2017
2017,03/15/2017,168,Chattanooga,19-12,19,12,-1.2,28,172,168,https://www.teamrankings.com/ncaa-basketball/ranking/schedule-strength-by-other?date=03%2F15%2F2017
2017,03/15/2017,169,UAB,17-16,17,16,-1.2,73,297,169,https://www.teamrankings.com/ncaa-basketball/ranking/schedule-strength-by-other?date=03%2F15%2F2017
2017,03/15/2017,170,Air Force,12-21,12,21,-1.2,167,345,171,https://www.teamrankings.com/ncaa-basketball/ranking/schedule-strength-by-other?date=03%2F15%2F2017
2017,03/15/2017,171,Bucknell,26-8,26,8,-1.3,62,228,172,https://www.teamrankings.com/ncaa-basketball/ranking/schedule-strength-by-other?date=03%2F15%2F2017
2017,03/15/2017,172,Saint Peter's,19-13,19,13,-1.3,133,320,170,https://www.teamrankings.com/ncaa-basketball/ranking/schedule-strength-by-other?date=03%2F15%2F2017
2017,03/15/2017,173,Drexel,9-23,9,23,-1.4,30,257,173,https://www.teamrankings.com/ncaa-basketball/ranking/schedule-strength-by-other?date=03%2F15%2F2017
2017,03/15/2017,174,Furman,21-11,21,11,-1.4,70,248,174,https://www.teamrankings.com/ncaa-basketball/ranking/schedule-strength-by-other?date=03%2F15%2F2017
2017,03/15/2017,175,Coastal Car,16-17,16,17,-1.5,49,251,175,https://www.teamrankings.com/ncaa-basketball/ranking/schedule-strength-by-other?date=03%2F15%2F2017
2017,03/15/2017,176,Cornell,8-21,8,21,-1.5,99,234,176,https://www.teamrankings.com/ncaa-basketball/ranking/schedule-strength-by-other?date=03%2F15%2F2017
2017,03/15/2017,177,Lehigh,20-12,20,12,-1.5,1,192,177,https://www.teamrankings.com/ncaa-basketball/ranking/schedule-strength-by-other?date=03%2F15%2F2017
2017,03/15/2017,178,Drake,7-24,7,24,-1.5,158,314,178,https://www.teamrankings.com/ncaa-basketball/ranking/schedule-strength-by-other?date=03%2F15%2F2017
2017,03/15/2017,179,N Dakota St,19-11,19,11,-1.5,113,304,179,https://www.teamrankings.com/ncaa-basketball/ranking/schedule-strength-by-other?date=03%2F15%2F2017
2017,03/15/2017,180,Long Beach St,15-19,15,19,-1.6,12,311,180,https://www.teamrankings.com/ncaa-basketball/ranking/schedule-strength-by-other?date=03%2F15%2F2017
2017,03/15/2017,181,Louisiana,21-12,21,12,-1.6,54,257,181,https://www.teamrankings.com/ncaa-basketball/ranking/schedule-strength-by-other?date=03%2F15%2F2017
2017,03/15/2017,182,Canisius,18-16,18,16,-1.7,3,232,183,https://www.teamrankings.com/ncaa-basketball/ranking/schedule-strength-by-other?date=03%2F15%2F2017
2017,03/15/2017,183,Portland,11-22,11,22,-1.7,114,318,182,https://www.teamrankings.com/ncaa-basketball/ranking/schedule-strength-by-other?date=03%2F15%2F2017
2017,03/15/2017,184,CS Bakersfield,23-9,23,9,-1.7,88,333,211,https://www.teamrankings.com/ncaa-basketball/ranking/schedule-strength-by-other?date=03%2F15%2F2017
2017,03/15/2017,185,Cleveland St,9-22,9,22,-1.8,105,202,184,https://www.teamrankings.com/ncaa-basketball/ranking/schedule-strength-by-other?date=03%2F15%2F2017
2017,03/15/2017,186,Morehead St,14-16,14,16,-1.8,130,308,186,https://www.teamrankings.com/ncaa-basketball/ranking/schedule-strength-by-other?date=03%2F15%2F2017
2017,03/15/2017,187,C Michigan,16-16,16,16,-1.8,168,307,188,https://www.teamrankings.com/ncaa-basketball/ranking/schedule-strength-by-other?date=03%2F15%2F2017
2017,03/15/2017,188,Troy,22-14,22,14,-1.8,177,327,187,https://www.teamrankings.com/ncaa-basketball/ranking/schedule-strength-by-other?date=03%2F15%2F2017
2017,03/15/2017,189,Bowling Green,13-19,13,19,-1.8,59,286,189,https://www.teamrankings.com/ncaa-basketball/ranking/schedule-strength-by-other?date=03%2F15%2F2017
2017,03/15/2017,190,Ball St,21-12,21,12,-1.8,63,317,185,https://www.teamrankings.com/ncaa-basketball/ranking/schedule-strength-by-other?date=03%2F15%2F2017
2017,03/15/2017,191,Wright St,20-12,20,12,-1.8,107,290,190,https://www.teamrankings.com/ncaa-basketball/ranking/schedule-strength-by-other?date=03%2F15%2F2017
2017,03/15/2017,192,Oakland,25-8,25,8,-1.8,125,334,214,https://www.teamrankings.com/ncaa-basketball/ranking/schedule-strength-by-other?date=03%2F15%2F2017
2017,03/15/2017,193,Purdue FW,19-12,19,12,-2.0,52,201,191,https://www.teamrankings.com/ncaa-basketball/ranking/schedule-strength-by-other?date=03%2F15%2F2017
2017,03/15/2017,194,Milwaukee,11-24,11,24,-2.0,129,344,192,https://www.teamrankings.com/ncaa-basketball/ranking/schedule-strength-by-other?date=03%2F15%2F2017
2017,03/15/2017,195,South Dakota,22-11,22,11,-2.0,146,330,194,https://www.teamrankings.com/ncaa-basketball/ranking/schedule-strength-by-other?date=03%2F15%2F2017
2017,03/15/2017,196,Louisiana Tech,23-10,23,10,-2.0,24,225,193,https://www.teamrankings.com/ncaa-basketball/ranking/schedule-strength-by-other?date=03%2F15%2F2017
2017,03/15/2017,197,Denver,16-14,16,14,-2.0,124,287,196,https://www.teamrankings.com/ncaa-basketball/ranking/schedule-strength-by-other?date=03%2F15%2F2017
2017,03/15/2017,198,Green Bay,18-13,18,13,-2.0,79,310,197,https://www.teamrankings.com/ncaa-basketball/ranking/schedule-strength-by-other?date=03%2F15%2F2017
2017,03/15/2017,199,Fairfield,16-14,16,14,-2.1,137,317,195,https://www.teamrankings.com/ncaa-basketball/ranking/schedule-strength-by-other?date=03%2F15%2F2017
2017,03/15/2017,200,N Illinois,15-17,15,17,-2.1,147,298,199,https://www.teamrankings.com/ncaa-basketball/ranking/schedule-strength-by-other?date=03%2F15%2F2017
2017,03/15/2017,201,FGCU,26-7,26,7,-2.1,4,204,198,https://www.teamrankings.com/ncaa-basketball/ranking/schedule-strength-by-other?date=03%2F15%2F2017
2017,03/15/2017,202,Tennessee St,17-13,17,13,-2.1,84,224,200,https://www.teamrankings.com/ncaa-basketball/ranking/schedule-strength-by-other?date=03%2F15%2F2017
2017,03/15/2017,203,W Kentucky,15-17,15,17,-2.1,107,330,201,https://www.teamrankings.com/ncaa-basketball/ranking/schedule-strength-by-other?date=03%2F15%2F2017
2017,03/15/2017,204,NC Asheville,23-9,23,9,-2.2,14,209,203,https://www.teamrankings.com/ncaa-basketball/ranking/schedule-strength-by-other?date=03%2F15%2F2017
2017,03/15/2017,205,Albany,21-13,21,13,-2.2,29,220,202,https://www.teamrankings.com/ncaa-basketball/ranking/schedule-strength-by-other?date=03%2F15%2F2017
2017,03/15/2017,206,Delaware,13-20,13,20,-2.3,202,336,204,https://www.teamrankings.com/ncaa-basketball/ranking/schedule-strength-by-other?date=03%2F15%2F2017
2017,03/15/2017,207,Charlotte,13-17,13,17,-2.3,167,331,205,https://www.teamrankings.com/ncaa-basketball/ranking/schedule-strength-by-other?date=03%2F15%2F2017
2017,03/15/2017,208,NC Greensboro,25-9,25,9,-2.3,34,314,206,https://www.teamrankings.com/ncaa-basketball/ranking/schedule-strength-by-other?date=03%2F15%2F2017
2017,03/15/2017,209,San Diego,13-18,13,18,-2.3,38,315,207,https://www.teamrankings.com/ncaa-basketball/ranking/schedule-strength-by-other?date=03%2F15%2F2017
2017,03/15/2017,210,Columbia,11-16,11,16,-2.4,38,253,208,https://www.teamrankings.com/ncaa-basketball/ranking/schedule-strength-by-other?date=03%2F15%2F2017
2017,03/15/2017,211,Detroit Mercy,8-23,8,23,-2.4,131,328,209,https://www.teamrankings.com/ncaa-basketball/ranking/schedule-strength-by-other?date=03%2F15%2F2017
2017,03/15/2017,212,Jacksonville St,20-14,20,14,-2.4,32,301,213,https://www.teamrankings.com/ncaa-basketball/ranking/schedule-strength-by-other?date=03%2F15%2F2017
2017,03/15/2017,213,Marist,8-24,8,24,-2.4,13,268,210,https://www.teamrankings.com/ncaa-basketball/ranking/schedule-strength-by-other?date=03%2F15%2F2017
2017,03/15/2017,214,Manhattan,10-22,10,22,-2.4,99,222,212,https://www.teamrankings.com/ncaa-basketball/ranking/schedule-strength-by-other?date=03%2F15%2F2017
2017,03/15/2017,215,App State,9-21,9,21,-2.6,39,296,215,https://www.teamrankings.com/ncaa-basketball/ranking/schedule-strength-by-other?date=03%2F15%2F2017
2017,03/15/2017,216,Rider,18-15,18,15,-2.7,186,306,216,https://www.teamrankings.com/ncaa-basketball/ranking/schedule-strength-by-other?date=03%2F15%2F2017
2017,03/15/2017,217,N Florida,15-19,15,19,-2.8,61,247,217,https://www.teamrankings.com/ncaa-basketball/ranking/schedule-strength-by-other?date=03%2F15%2F2017
2017,03/15/2017,218,Montana,16-16,16,16,-2.8,38,227,219,https://www.teamrankings.com/ncaa-basketball/ranking/schedule-strength-by-other?date=03%2F15%2F2017
2017,03/15/2017,219,UL Monroe,9-24,9,24,-2.8,112,324,218,https://www.teamrankings.com/ncaa-basketball/ranking/schedule-strength-by-other?date=03%2F15%2F2017
2017,03/15/2017,220,Dartmouth,7-20,7,20,-2.8,8,271,221,https://www.teamrankings.com/ncaa-basketball/ranking/schedule-strength-by-other?date=03%2F15%2F2017
2017,03/15/2017,221,Samford,20-15,20,15,-2.9,86,280,220,https://www.teamrankings.com/ncaa-basketball/ranking/schedule-strength-by-other?date=03%2F15%2F2017
2017,03/15/2017,222,Niagara,10-23,10,23,-2.9,146,287,222,https://www.teamrankings.com/ncaa-basketball/ranking/schedule-strength-by-other?date=03%2F15%2F2017
2017,03/15/2017,223,N Kentucky,24-10,24,10,-2.9,195,330,223,https://www.teamrankings.com/ncaa-basketball/ranking/schedule-strength-by-other?date=03%2F15%2F2017
2017,03/15/2017,224,Holy Cross,15-17,15,17,-2.9,3,224,224,https://www.teamrankings.com/ncaa-basketball/ranking/schedule-strength-by-other?date=03%2F15%2F2017
2017,03/15/2017,225,UTEP,15-17,15,17,-2.9,176,349,225,https://www.teamrankings.com/ncaa-basketball/ranking/schedule-strength-by-other?date=03%2F15%2F2017
2017,03/15/2017,226,S Alabama,14-18,14,18,-3.0,102,312,226,https://www.teamrankings.com/ncaa-basketball/ranking/schedule-strength-by-other?date=03%2F15%2F2017
2017,03/15/2017,227,Lipscomb,20-13,20,13,-3.0,182,321,227,https://www.teamrankings.com/ncaa-basketball/ranking/schedule-strength-by-other?date=03%2F15%2F2017
2017,03/15/2017,228,Quinnipiac,10-21,10,21,-3.0,75,261,228,https://www.teamrankings.com/ncaa-basketball/ranking/schedule-strength-by-other?date=03%2F15%2F2017
2017,03/15/2017,229,Miami OH,11-21,11,21,-3.2,229,348,229,https://www.teamrankings.com/ncaa-basketball/ranking/schedule-strength-by-other?date=03%2F15%2F2017
2017,03/15/2017,230,Boston U,18-14,18,14,-3.2,43,312,230,https://www.teamrankings.com/ncaa-basketball/ranking/schedule-strength-by-other?date=03%2F15%2F2017
2017,03/15/2017,231,Weber St,19-13,19,13,-3.2,72,325,231,https://www.teamrankings.com/ncaa-basketball/ranking/schedule-strength-by-other?date=03%2F15%2F2017
2017,03/15/2017,232,Texas St,20-13,20,13,-3.2,157,344,232,https://www.teamrankings.com/ncaa-basketball/ranking/schedule-strength-by-other?date=03%2F15%2F2017
2017,03/15/2017,233,E Kentucky,12-19,12,19,-3.3,44,246,233,https://www.teamrankings.com/ncaa-basketball/ranking/schedule-strength-by-other?date=03%2F15%2F2017
2017,03/15/2017,234,Murray St,16-17,16,17,-3.3,54,236,234,https://www.teamrankings.com/ncaa-basketball/ranking/schedule-strength-by-other?date=03%2F15%2F2017
2017,03/15/2017,235,Youngstown St,13-21,13,21,-3.4,73,282,236,https://www.teamrankings.com/ncaa-basketball/ranking/schedule-strength-by-other?date=03%2F15%2F2017
2017,03/15/2017,236,Little Rock,15-17,15,17,-3.4,119,350,235,https://www.teamrankings.com/ncaa-basketball/ranking/schedule-strength-by-other?date=03%2F15%2F2017
2017,03/15/2017,237,Utah Valley,15-16,15,16,-3.4,8,322,238,https://www.teamrankings.com/ncaa-basketball/ranking/schedule-strength-by-other?date=03%2F15%2F2017
2017,03/15/2017,238,New Mexico St,28-5,28,5,-3.4,115,306,240,https://www.teamrankings.com/ncaa-basketball/ranking/schedule-strength-by-other?date=03%2F15%2F2017
2017,03/15/2017,239,New Hampshire,20-12,20,12,-3.5,157,325,239,https://www.teamrankings.com/ncaa-basketball/ranking/schedule-strength-by-other?date=03%2F15%2F2017
2017,03/15/2017,240,Rice,22-11,22,11,-3.5,84,269,237,https://www.teamrankings.com/ncaa-basketball/ranking/schedule-strength-by-other?date=03%2F15%2F2017
2017,03/15/2017,241,Stony Brook,18-13,18,13,-3.6,82,248,241,https://www.teamrankings.com/ncaa-basketball/ranking/schedule-strength-by-other?date=03%2F15%2F2017
2017,03/15/2017,242,Colgate,10-22,10,22,-3.6,4,268,242,https://www.teamrankings.com/ncaa-basketball/ranking/schedule-strength-by-other?date=03%2F15%2F2017
2017,03/15/2017,243,UCSB,6-22,6,22,-3.7,73,254,243,https://www.teamrankings.com/ncaa-basketball/ranking/schedule-strength-by-other?date=03%2F15%2F2017
2017,03/15/2017,244,W Illinois,8-20,8,20,-3.7,26,344,244,https://www.teamrankings.com/ncaa-basketball/ranking/schedule-strength-by-other?date=03%2F15%2F2017
2017,03/15/2017,245,Florida Atlantic,10-20,10,20,-3.7,161,327,245,https://www.teamrankings.com/ncaa-basketball/ranking/schedule-strength-by-other?date=03%2F15%2F2017
2017,03/15/2017,246,Austin Peay,11-19,11,19,-3.7,19,320,246,https://www.teamrankings.com/ncaa-basketball/ranking/schedule-strength-by-other?date=03%2F15%2F2017
2017,03/15/2017,247,Winthrop,26-6,26,6,-3.7,56,334,251,https://www.teamrankings.com/ncaa-basketball/ranking/schedule-strength-by-other?date=03%2F15%2F2017
2017,03/15/2017,248,Navy,16-16,16,16,-3.8,81,265,247,https://www.teamrankings.com/ncaa-basketball/ranking/schedule-strength-by-other?date=03%2F15%2F2017
2017,03/15/2017,249,NJIT,11-20,11,20,-3.8,150,316,248,https://www.teamrankings.com/ncaa-basketball/ranking/schedule-strength-by-other?date=03%2F15%2F2017
2017,03/15/2017,250,UC Riverside,7-21,7,21,-3.8,106,259,249,https://www.teamrankings.com/ncaa-basketball/ranking/schedule-strength-by-other?date=03%2F15%2F2017
2017,03/15/2017,251,Tenn Tech,12-20,12,20,-3.8,74,327,250,https://www.teamrankings.com/ncaa-basketball/ranking/schedule-strength-by-other?date=03%2F15%2F2017
2017,03/15/2017,252,UC Davis,22-12,22,12,-3.9,152,286,252,https://www.teamrankings.com/ncaa-basketball/ranking/schedule-strength-by-other?date=03%2F15%2F2017
2017,03/15/2017,253,Grand Canyon,22-9,22,9,-3.9,1,271,254,https://www.teamrankings.com/ncaa-basketball/ranking/schedule-strength-by-other?date=03%2F15%2F2017
2017,03/15/2017,254,E Washington,22-11,22,11,-3.9,160,336,253,https://www.teamrankings.com/ncaa-basketball/ranking/schedule-strength-by-other?date=03%2F15%2F2017
2017,03/15/2017,255,Gardner-Webb,19-14,19,14,-4.0,7,285,255,https://www.teamrankings.com/ncaa-basketball/ranking/schedule-strength-by-other?date=03%2F15%2F2017
2017,03/15/2017,256,Mt St Mary's,20-15,20,15,-4.0,3,282,257,https://www.teamrankings.com/ncaa-basketball/ranking/schedule-strength-by-other?date=03%2F15%2F2017
2017,03/15/2017,257,UTSA,14-19,14,19,-4.0,81,349,256,https://www.teamrankings.com/ncaa-basketball/ranking/schedule-strength-by-other?date=03%2F15%2F2017
2017,03/15/2017,258,Kansas City,17-16,17,16,-4.1,28,270,259,https://www.teamrankings.com/ncaa-basketball/ranking/schedule-strength-by-other?date=03%2F15%2F2017
2017,03/15/2017,259,Illinois Chicago,15-18,15,18,-4.1,163,337,258,https://www.teamrankings.com/ncaa-basketball/ranking/schedule-strength-by-other?date=03%2F15%2F2017
2017,03/15/2017,260,Cal Poly,11-20,11,20,-4.2,28,321,260,https://www.teamrankings.com/ncaa-basketball/ranking/schedule-strength-by-other?date=03%2F15%2F2017
2017,03/15/2017,261,UMBC,18-12,18,12,-4.2,258,349,261,https://www.teamrankings.com/ncaa-basketball/ranking/schedule-strength-by-other?date=03%2F15%2F2017
2017,03/15/2017,262,North Dakota,22-9,22,9,-4.2,196,351,262,https://www.teamrankings.com/ncaa-basketball/ranking/schedule-strength-by-other?date=03%2F15%2F2017
2017,03/15/2017,263,Florida Intl,7-24,7,24,-4.3,225,340,263,https://www.teamrankings.com/ncaa-basketball/ranking/schedule-strength-by-other?date=03%2F15%2F2017
2017,03/15/2017,264,Idaho St,5-26,5,26,-4.3,36,265,264,https://www.teamrankings.com/ncaa-basketball/ranking/schedule-strength-by-other?date=03%2F15%2F2017
2017,03/15/2017,265,UT Martin,21-12,21,12,-4.3,74,306,265,https://www.teamrankings.com/ncaa-basketball/ranking/schedule-strength-by-other?date=03%2F15%2F2017
2017,03/15/2017,266,W Carolina,9-23,9,23,-4.4,39,297,267,https://www.teamrankings.com/ncaa-basketball/ranking/schedule-strength-by-other?date=03%2F15%2F2017
2017,03/15/2017,267,Kennesaw St,14-18,14,18,-4.4,42,337,266,https://www.teamrankings.com/ncaa-basketball/ranking/schedule-strength-by-other?date=03%2F15%2F2017
2017,03/15/2017,268,Loyola MD,15-16,15,16,-4.4,117,299,268,https://www.teamrankings.com/ncaa-basketball/ranking/schedule-strength-by-other?date=03%2F15%2F2017
2017,03/15/2017,269,Idaho,18-13,18,13,-4.4,147,343,269,https://www.teamrankings.com/ncaa-basketball/ranking/schedule-strength-by-other?date=03%2F15%2F2017
2017,03/15/2017,270,E Illinois,14-15,14,15,-4.5,229,334,270,https://www.teamrankings.com/ncaa-basketball/ranking/schedule-strength-by-other?date=03%2F15%2F2017
2017,03/15/2017,271,Robert Morris,14-19,14,19,-4.6,57,295,271,https://www.teamrankings.com/ncaa-basketball/ranking/schedule-strength-by-other?date=03%2F15%2F2017
2017,03/15/2017,272,CS Northridge,11-19,11,19,-4.6,104,327,272,https://www.teamrankings.com/ncaa-basketball/ranking/schedule-strength-by-other?date=03%2F15%2F2017
2017,03/15/2017,273,SE Missouri St,15-18,15,18,-4.7,65,326,274,https://www.teamrankings.com/ncaa-basketball/ranking/schedule-strength-by-other?date=03%2F15%2F2017
2017,03/15/2017,274,C Arkansas,8-24,8,24,-4.7,4,334,273,https://www.teamrankings.com/ncaa-basketball/ranking/schedule-strength-by-other?date=03%2F15%2F2017
2017,03/15/2017,275,American,8-22,8,22,-4.7,4,304,275,https://www.teamrankings.com/ncaa-basketball/ranking/schedule-strength-by-other?date=03%2F15%2F2017
2017,03/15/2017,276,F Dickinson,11-19,11,19,-4.8,23,286,277,https://www.teamrankings.com/ncaa-basketball/ranking/schedule-strength-by-other?date=03%2F15%2F2017
2017,03/15/2017,277,Army,13-19,13,19,-4.8,9,317,276,https://www.teamrankings.com/ncaa-basketball/ranking/schedule-strength-by-other?date=03%2F15%2F2017
2017,03/15/2017,278,Texas So,23-11,23,11,-4.8,14,279,278,https://www.teamrankings.com/ncaa-basketball/ranking/schedule-strength-by-other?date=03%2F15%2F2017
2017,03/15/2017,279,SIU Edward,6-24,6,24,-4.9,132,302,279,https://www.teamrankings.com/ncaa-basketball/ranking/schedule-strength-by-other?date=03%2F15%2F2017
2017,03/15/2017,280,Hawai'i,14-16,14,16,-5.0,177,334,280,https://www.teamrankings.com/ncaa-basketball/ranking/schedule-strength-by-other?date=03%2F15%2F2017
2017,03/15/2017,281,Brown,13-17,13,17,-5.1,8,341,281,https://www.teamrankings.com/ncaa-basketball/ranking/schedule-strength-by-other?date=03%2F15%2F2017
2017,03/15/2017,282,N Colorado,11-18,11,18,-5.1,15,317,282,https://www.teamrankings.com/ncaa-basketball/ranking/schedule-strength-by-other?date=03%2F15%2F2017
2017,03/15/2017,283,Montana St,16-16,16,16,-5.2,108,312,283,https://www.teamrankings.com/ncaa-basketball/ranking/schedule-strength-by-other?date=03%2F15%2F2017
2017,03/15/2017,284,SC Upstate,17-15,17,15,-5.2,27,320,284,https://www.teamrankings.com/ncaa-basketball/ranking/schedule-strength-by-other?date=03%2F15%2F2017
2017,03/15/2017,285,Hartford,9-23,9,23,-5.3,233,325,285,https://www.teamrankings.com/ncaa-basketball/ranking/schedule-strength-by-other?date=03%2F15%2F2017
2017,03/15/2017,286,VMI,6-24,6,24,-5.3,64,339,286,https://www.teamrankings.com/ncaa-basketball/ranking/schedule-strength-by-other?date=03%2F15%2F2017
2017,03/15/2017,287,Liberty,20-13,20,13,-5.5,179,345,288,https://www.teamrankings.com/ncaa-basketball/ranking/schedule-strength-by-other?date=03%2F15%2F2017
2017,03/15/2017,288,Lafayette,9-21,9,21,-5.5,32,327,287,https://www.teamrankings.com/ncaa-basketball/ranking/schedule-strength-by-other?date=03%2F15%2F2017
2017,03/15/2017,289,Southern Miss,9-22,9,22,-5.6,250,350,289,https://www.teamrankings.com/ncaa-basketball/ranking/schedule-strength-by-other?date=03%2F15%2F2017
2017,03/15/2017,290,Portland St,15-16,15,16,-5.6,55,307,291,https://www.teamrankings.com/ncaa-basketball/ranking/schedule-strength-by-other?date=03%2F15%2F2017
2017,03/15/2017,291,UMass Lowell,11-20,11,20,-5.6,64,297,290,https://www.teamrankings.com/ncaa-basketball/ranking/schedule-strength-by-other?date=03%2F15%2F2017
2017,03/15/2017,292,Bryant,12-20,12,20,-5.7,27,303,292,https://www.teamrankings.com/ncaa-basketball/ranking/schedule-strength-by-other?date=03%2F15%2F2017
2017,03/15/2017,293,Sacramento St,13-18,13,18,-5.7,22,334,293,https://www.teamrankings.com/ncaa-basketball/ranking/schedule-strength-by-other?date=03%2F15%2F2017
2017,03/15/2017,294,N Arizona,9-23,9,23,-5.8,134,336,294,https://www.teamrankings.com/ncaa-basketball/ranking/schedule-strength-by-other?date=03%2F15%2F2017
2017,03/15/2017,295,Chicago St,6-26,6,26,-5.8,244,350,298,https://www.teamrankings.com/ncaa-basketball/ranking/schedule-strength-by-other?date=03%2F15%2F2017
2017,03/15/2017,296,New Orleans,20-12,20,12,-5.8,211,347,295,https://www.teamrankings.com/ncaa-basketball/ranking/schedule-strength-by-other?date=03%2F15%2F2017
2017,03/15/2017,297,CS Fullerton,17-14,17,14,-5.8,116,320,296,https://www.teamrankings.com/ncaa-basketball/ranking/schedule-strength-by-other?date=03%2F15%2F2017
2017,03/15/2017,298,Radford,14-18,14,18,-5.8,25,300,299,https://www.teamrankings.com/ncaa-basketball/ranking/schedule-strength-by-other?date=03%2F15%2F2017
2017,03/15/2017,299,N Texas,8-22,8,22,-5.8,233,346,297,https://www.teamrankings.com/ncaa-basketball/ranking/schedule-strength-by-other?date=03%2F15%2F2017
2017,03/15/2017,300,Maine,7-25,7,25,-5.9,43,345,300,https://www.teamrankings.com/ncaa-basketball/ranking/schedule-strength-by-other?date=03%2F15%2F2017
2017,03/15/2017,301,The Citadel,12-21,12,21,-5.9,88,348,301,https://www.teamrankings.com/ncaa-basketball/ranking/schedule-strength-by-other?date=03%2F15%2F2017
2017,03/15/2017,302,S Utah,6-27,6,27,-6.0,66,335,302,https://www.teamrankings.com/ncaa-basketball/ranking/schedule-strength-by-other?date=03%2F15%2F2017
2017,03/15/2017,303,St Francis PA,17-16,17,16,-6.2,50,327,306,https://www.teamrankings.com/ncaa-basketball/ranking/schedule-strength-by-other?date=03%2F15%2F2017
2017,03/15/2017,304,Hou Christian,17-14,17,14,-6.2,15,321,303,https://www.teamrankings.com/ncaa-basketball/ranking/schedule-strength-by-other?date=03%2F15%2F2017
2017,03/15/2017,305,Stetson,11-21,11,21,-6.2,248,344,304,https://www.teamrankings.com/ncaa-basketball/ranking/schedule-strength-by-other?date=03%2F15%2F2017
2017,03/15/2017,306,SF Austin,18-14,18,14,-6.3,1,306,305,https://www.teamrankings.com/ncaa-basketball/ranking/schedule-strength-by-other?date=03%2F15%2F2017
2017,03/15/2017,307,High Point,15-16,15,16,-6.4,199,338,308,https://www.teamrankings.com/ncaa-basketball/ranking/schedule-strength-by-other?date=03%2F15%2F2017
2017,03/15/2017,308,Seattle,13-17,13,17,-6.4,160,346,307,https://www.teamrankings.com/ncaa-basketball/ranking/schedule-strength-by-other?date=03%2F15%2F2017
2017,03/15/2017,309,Binghamton,12-20,12,20,-6.5,145,332,309,https://www.teamrankings.com/ncaa-basketball/ranking/schedule-strength-by-other?date=03%2F15%2F2017
2017,03/15/2017,310,Wagner,16-14,16,14,-6.5,41,312,310,https://www.teamrankings.com/ncaa-basketball/ranking/schedule-strength-by-other?date=03%2F15%2F2017
2017,03/15/2017,311,UT Rio Grande,10-22,10,22,-6.5,108,343,311,https://www.teamrankings.com/ncaa-basketball/ranking/schedule-strength-by-other?date=03%2F15%2F2017
2017,03/15/2017,312,Sacred Heart,13-19,13,19,-6.6,100,322,312,https://www.teamrankings.com/ncaa-basketball/ranking/schedule-strength-by-other?date=03%2F15%2F2017
2017,03/15/2017,313,Texas A&M-CC,20-11,20,11,-6.8,218,348,313,https://www.teamrankings.com/ncaa-basketball/ranking/schedule-strength-by-other?date=03%2F15%2F2017
2017,03/15/2017,314,Jacksonville,17-16,17,16,-6.9,92,338,314,https://www.teamrankings.com/ncaa-basketball/ranking/schedule-strength-by-other?date=03%2F15%2F2017
2017,03/15/2017,315,Sam Houston,21-13,21,13,-7.0,131,316,315,https://www.teamrankings.com/ncaa-basketball/ranking/schedule-strength-by-other?date=03%2F15%2F2017
2017,03/15/2017,316,LIU-Brooklyn,20-12,20,12,-7.1,243,349,317,https://www.teamrankings.com/ncaa-basketball/ranking/schedule-strength-by-other?date=03%2F15%2F2017
2017,03/15/2017,317,SE Louisiana,16-16,16,16,-7.1,254,339,316,https://www.teamrankings.com/ncaa-basketball/ranking/schedule-strength-by-other?date=03%2F15%2F2017
2017,03/15/2017,318,C Connecticut,6-23,6,23,-7.2,222,350,318,https://www.teamrankings.com/ncaa-basketball/ranking/schedule-strength-by-other?date=03%2F15%2F2017
2017,03/15/2017,319,Campbell,18-17,18,17,-7.3,39,351,319,https://www.teamrankings.com/ncaa-basketball/ranking/schedule-strength-by-other?date=03%2F15%2F2017
2017,03/15/2017,320,Charleston So,12-19,12,19,-7.5,22,344,321,https://www.teamrankings.com/ncaa-basketball/ranking/schedule-strength-by-other?date=03%2F15%2F2017
2017,03/15/2017,321,McNeese,7-22,7,22,-7.6,36,351,320,https://www.teamrankings.com/ncaa-basketball/ranking/schedule-strength-by-other?date=03%2F15%2F2017
2017,03/15/2017,322,NC Central,25-8,25,8,-7.9,44,323,323,https://www.teamrankings.com/ncaa-basketball/ranking/schedule-strength-by-other?date=03%2F15%2F2017
2017,03/15/2017,323,Lamar,19-14,19,14,-7.9,238,351,322,https://www.teamrankings.com/ncaa-basketball/ranking/schedule-strength-by-other?date=03%2F15%2F2017
2017,03/15/2017,324,St Fran (NY),4-27,4,27,-8.1,1,337,325,https://www.teamrankings.com/ncaa-basketball/ranking/schedule-strength-by-other?date=03%2F15%2F2017
2017,03/15/2017,325,Norfolk St,17-17,17,17,-8.1,73,330,326,https://www.teamrankings.com/ncaa-basketball/ranking/schedule-strength-by-other?date=03%2F15%2F2017
2017,03/15/2017,326,NW State,13-16,13,16,-8.2,6,342,324,https://www.teamrankings.com/ncaa-basketball/ranking/schedule-strength-by-other?date=03%2F15%2F2017
2017,03/15/2017,327,Maryland ES,14-20,14,20,-8.3,79,332,327,https://www.teamrankings.com/ncaa-basketball/ranking/schedule-strength-by-other?date=03%2F15%2F2017
2017,03/15/2017,328,Nicholls,14-17,14,17,-8.3,80,333,328,https://www.teamrankings.com/ncaa-basketball/ranking/schedule-strength-by-other?date=03%2F15%2F2017
2017,03/15/2017,329,Miss Valley St,7-25,7,25,-8.5,16,344,330,https://www.teamrankings.com/ncaa-basketball/ranking/schedule-strength-by-other?date=03%2F15%2F2017
2017,03/15/2017,330,Incarnate Word,12-17,12,17,-8.5,24,349,329,https://www.teamrankings.com/ncaa-basketball/ranking/schedule-strength-by-other?date=03%2F15%2F2017
2017,03/15/2017,331,Abl Christian,13-16,13,16,-8.8,306,351,331,https://www.teamrankings.com/ncaa-basketball/ranking/schedule-strength-by-other?date=03%2F15%2F2017
2017,03/15/2017,332,Longwood,6-24,6,24,-8.8,216,351,333,https://www.teamrankings.com/ncaa-basketball/ranking/schedule-strength-by-other?date=03%2F15%2F2017
2017,03/15/2017,333,Prairie View,13-20,13,20,-8.9,42,340,332,https://www.teamrankings.com/ncaa-basketball/ranking/schedule-strength-by-other?date=03%2F15%2F2017
2017,03/15/2017,334,Hampton,14-16,14,16,-9.0,187,348,334,https://www.teamrankings.com/ncaa-basketball/ranking/schedule-strength-by-other?date=03%2F15%2F2017
2017,03/15/2017,335,Presbyterian,5-25,5,25,-9.2,94,348,335,https://www.teamrankings.com/ncaa-basketball/ranking/schedule-strength-by-other?date=03%2F15%2F2017
2017,03/15/2017,336,Howard,10-24,10,24,-9.4,3,337,336,https://www.teamrankings.com/ncaa-basketball/ranking/schedule-strength-by-other?date=03%2F15%2F2017
2017,03/15/2017,337,Alcorn St,18-14,18,14,-9.4,44,349,337,https://www.teamrankings.com/ncaa-basketball/ranking/schedule-strength-by-other?date=03%2F15%2F2017
2017,03/15/2017,338,Alabama St,8-23,8,23,-9.5,25,346,338,https://www.teamrankings.com/ncaa-basketball/ranking/schedule-strength-by-other?date=03%2F15%2F2017
2017,03/15/2017,339,Savannah St,13-16,13,16,-9.5,21,347,339,https://www.teamrankings.com/ncaa-basketball/ranking/schedule-strength-by-other?date=03%2F15%2F2017
2017,03/15/2017,340,S Carolina St,11-20,11,20,-9.6,45,340,340,https://www.teamrankings.com/ncaa-basketball/ranking/schedule-strength-by-other?date=03%2F15%2F2017
2017,03/15/2017,341,Delaware St,10-22,10,22,-9.9,178,351,341,https://www.teamrankings.com/ncaa-basketball/ranking/schedule-strength-by-other?date=03%2F15%2F2017
2017,03/15/2017,342,Alabama A&M,2-27,2,27,-9.9,53,348,342,https://www.teamrankings.com/ncaa-basketball/ranking/schedule-strength-by-other?date=03%2F15%2F2017
2017,03/15/2017,343,Morgan St,14-16,14,16,-10.0,33,344,343,https://www.teamrankings.com/ncaa-basketball/ranking/schedule-strength-by-other?date=03%2F15%2F2017
2017,03/15/2017,344,Coppin St,8-24,8,24,-10.0,43,346,344,https://www.teamrankings.com/ncaa-basketball/ranking/schedule-strength-by-other?date=03%2F15%2F2017
2017,03/15/2017,345,Southern,15-18,15,18,-10.5,17,347,345,https://www.teamrankings.com/ncaa-basketball/ranking/schedule-strength-by-other?date=03%2F15%2F2017
2017,03/15/2017,346,Jackson St,14-18,14,18,-10.5,191,347,346,https://www.teamrankings.com/ncaa-basketball/ranking/schedule-strength-by-other?date=03%2F15%2F2017
2017,03/15/2017,347,AR-Pine Bluff,7-25,7,25,-10.7,65,347,347,https://www.teamrankings.com/ncaa-basketball/ranking/schedule-strength-by-other?date=03%2F15%2F2017
2017,03/15/2017,348,Grambling,16-17,16,17,-11.0,69,350,348,https://www.teamrankings.com/ncaa-basketball/ranking/schedule-strength-by-other?date=03%2F15%2F2017
2017,03/15/2017,349,NC A&T,3-29,3,29,-11.0,255,350,349,https://www.teamrankings.com/ncaa-basketball/ranking/schedule-strength-by-other?date=03%2F15%2F2017
2017,03/15/2017,350,Bethune,10-22,10,22,-11.5,37,350,350,https://www.teamrankings.com/ncaa-basketball/ranking/schedule-strength-by-other?date=03%2F15%2F2017
2017,03/15/2017,351,Florida A&M,7-23,7,23,-12.4,128,351,351,https://www.teamrankings.com/ncaa-basketball/ranking/schedule-strength-by-other?date=03%2F15%2F2017
